{
  "id": "53114626-2c43-44b1-94c9-cc9a86f36ada",
  "name": "Direction",
  "isOverridable": true,
  "entries": [
    {
      "value": "ขึ้น",
      "synonyms": [
        "Up",
        "Higher"
      ]
    },
    {
      "value": "ลง",
      "synonyms": [
        "Down",
        "Lower"
      ]
    },
    {
      "value": "สมดุล",
      "synonyms": [
        "Balance",
        "Normal",
        "Original"
      ]
    },
    {
      "value": "ซ้าย",
      "synonyms": [
        "Left"
      ]
    },
    {
      "value": "ขวา",
      "synonyms": [
        "Right"
      ]
    }
  ],
  "isEnum": false,
  "automatedExpansion": false
}