{
  "id": "6f1efd8a-4a88-4615-865b-da5176afff37",
  "name": "hdmi-video",
  "isOverridable": true,
  "entries": [
    {
      "value": "videos/motion_01.mp4",
      "synonyms": [
        "Cooking",
        "vegetable",
        "vegetable cut",
        "shred vegetable",
        "cook"
      ]
    },
    {
      "value": "videos/motion_02.mp4",
      "synonyms": [
        "Fold the paper",
        "Folding paper",
        "paper",
        "folding layer"
      ]
    },
    {
      "value": "videos/motion_03.mp4",
      "synonyms": [
        "Draw a picture",
        "Draw",
        "Drawing"
      ]
    }
  ],
  "isEnum": false,
  "automatedExpansion": false
}