{
  "id": "d1a6972a-07bc-4983-a445-cb6866776535",
  "name": "Video-Command",
  "isOverridable": true,
  "entries": [
    {
      "value": "เล่น",
      "synonyms": [
        "Play",
        "Open"
      ]
    },
    {
      "value": "หยุดเล่น",
      "synonyms": [
        "Stop",
        "stop playing",
        "Close"
      ]
    },
    {
      "value": "หยุดชั่วคราว",
      "synonyms": [
        "Pause"
      ]
    },
    {
      "value": "เล่นวน",
      "synonyms": [
        "Loop"
      ]
    },
    {
      "value": "เล่นวิดีโอใหม่",
      "synonyms": [
        "Play new video",
        "Play new"
      ]
    }
  ],
  "isEnum": false,
  "automatedExpansion": false
}